archetype_id,pct_travel,pct_transport,pct_food,pct_restaurants,pct_online,pct_entertainment,pct_utilities,pct_health,pct_other,median_total_spend,avg_monthly_balance_kzt,fraction_non_kzt_tx,txn_count,top3_share,days_since_last_tx,count
0,0.11954743456875298,0.1517372136278899,0.350617072211994,0.0,0.0,0.37809827959136294,0.0,0.0,0.0,2648585.5700000003,594183.125,0.0,300.0,0.8847741577356403,13.4375,16
1,0.0,0.16351724106746274,0.38760185763403115,0.0,0.0,0.4211972124640114,0.0,0.0,0.0,2345575.0,1363077.9512195121,0.0,300.0,0.9723163111655053,13.365853658536585,41
2,0.0,0.0,0.0,0.0,0.0,0.0,0.0,0.0,0.0,0.0,94241.0,0.0,0.0,0.0,0.0,2
3,0.0005711902646443,0.1867843714760216,0.3541247224869421,0.0,0.0,0.4585197157723919,0.0,0.0,0.0,1637265.3,63116.0,0.0583333333333333,300.0,0.9994288097353556,13.0,1
