k,silhouette,davies_bouldin
2,0.79223895676441,0.1553527640148987
3,0.32219452363654427,0.8859170582569744
4,0.3470707386174904,0.6806250329416395
5,0.4092130364829215,0.6673503456847881
6,0.43083171263919434,0.6266453122439481
