{
  "client_code": 6,
  "benefits": {
    "Карта для путешествий": 27270.0668,
    "Премиальная карта": 53405.13740000001,
    "Кредитная карта": 50738.2794,
    "Обмен валют": 0.0,
    "Кредит наличными": 0.0,
    "Депозит Мультивалютный": 1594.1420833333334,
    "Депозит Сберегательный": 1814.02375,
    "Депозит Накопительный": 1704.0829166666667,
    "Инвестиции": 1099.4083333333333,
    "Золотые слитки": 549.7041666666667
  }
}