{
  "client_code": 27,
  "benefits": {
    "Карта для путешествий": 25650.293599999997,
    "Премиальная карта": 50988.6498,
    "Кредитная карта": 49589.23485,
    "Обмен валют": 0.0,
    "Кредит наличными": 0.0,
    "Депозит Мультивалютный": 856.2008333333333,
    "Депозит Сберегательный": 974.2975,
    "Депозит Накопительный": 915.2491666666666,
    "Инвестиции": 590.4833333333333,
    "Золотые слитки": 295.2416666666667
  }
}