{
  "client_code": 52,
  "benefits": {
    "Карта для путешествий": 20209.096000000005,
    "Премиальная карта": 86190.83909999998,
    "Кредитная карта": 63355.30875000001,
    "Обмен валют": 0.0,
    "Кредит наличными": 0.0,
    "Депозит Мультивалютный": 41309.400416666664,
    "Депозит Сберегательный": 47007.24875,
    "Депозит Накопительный": 44158.324583333335,
    "Инвестиции": 28489.241666666665,
    "Золотые слитки": 14244.620833333332
  }
}