{
  "client_code": 55,
  "benefits": {
    "Карта для путешествий": 15003.2708,
    "Премиальная карта": 81742.10699999999,
    "Кредитная карта": 60408.1332,
    "Обмен валют": 0.0,
    "Кредит наличными": 0.0,
    "Депозит Мультивалютный": 42345.35291666666,
    "Депозит Сберегательный": 48186.09125,
    "Депозит Накопительный": 45265.722083333334,
    "Инвестиции": 29203.691666666666,
    "Золотые слитки": 14601.845833333333
  }
}