{
  "client_code": 58,
  "benefits": {
    "Карта для путешествий": 13532.0196,
    "Премиальная карта": 48742.626,
    "Кредитная карта": 51427.8159,
    "Обмен валют": 0.0,
    "Кредит наличными": 0.0,
    "Депозит Мультивалютный": 753.2145833333333,
    "Депозит Сберегательный": 857.10625,
    "Депозит Накопительный": 805.1604166666666,
    "Инвестиции": 519.4583333333334,
    "Золотые слитки": 259.7291666666667
  }
}