{
  "client_code": 43,
  "benefits": {
    "Карта для путешествий": 14356.519200000002,
    "Премиальная карта": 46342.99119999999,
    "Кредитная карта": 49158.09225,
    "Обмен валют": 0.0,
    "Кредит наличными": 0.0,
    "Депозит Мультивалютный": 922.1999999999999,
    "Депозит Сберегательный": 1049.4,
    "Депозит Накопительный": 985.8,
    "Инвестиции": 636.0,
    "Золотые слитки": 318.0
  }
}