{
  "client_code": 22,
  "benefits": {
    "Карта для путешествий": 15085.0828,
    "Премиальная карта": 46125.197400000005,
    "Кредитная карта": 50327.03655,
    "Обмен валют": 0.0,
    "Кредит наличными": 0.0,
    "Депозит Мультивалютный": 936.1441666666666,
    "Депозит Сберегательный": 1065.2675,
    "Депозит Накопительный": 1000.7058333333333,
    "Инвестиции": 645.6166666666667,
    "Золотые слитки": 322.80833333333334
  }
}