{
  "client_code": 30,
  "benefits": {
    "Карта для путешествий": 31361.853600000002,
    "Премиальная карта": 55809.90980000001,
    "Кредитная карта": 52107.9672,
    "Обмен валют": 0.0,
    "Кредит наличными": 0.0,
    "Депозит Мультивалютный": 1263.3487499999999,
    "Депозит Сберегательный": 1437.60375,
    "Депозит Накопительный": 1350.47625,
    "Инвестиции": 871.275,
    "Золотые слитки": 435.6375
  }
}