{
  "client_code": 51,
  "benefits": {
    "Карта для путешествий": 18460.8908,
    "Премиальная карта": 69149.06999999999,
    "Кредитная карта": 48348.47564999999,
    "Обмен валют": 0.0,
    "Кредит наличными": 0.0,
    "Депозит Мультивалютный": 17267.409583333334,
    "Депозит Сберегательный": 19649.12125,
    "Депозит Накопительный": 18458.265416666665,
    "Инвестиции": 11908.558333333332,
    "Золотые слитки": 5954.279166666666
  }
}