{
  "client_code": 24,
  "benefits": {
    "Карта для путешествий": 17864.2596,
    "Премиальная карта": 50154.777,
    "Кредитная карта": 52840.180499999995,
    "Обмен валют": 0.0,
    "Кредит наличными": 0.0,
    "Депозит Мультивалютный": 649.9020833333333,
    "Депозит Сберегательный": 739.54375,
    "Депозит Накопительный": 694.7229166666666,
    "Инвестиции": 448.2083333333333,
    "Золотые слитки": 224.10416666666666
  }
}