{
  "client_code": 1,
  "benefits": {
    "Карта для путешествий": 31810.969599999997,
    "Премиальная карта": 52538.28540000001,
    "Кредитная карта": 48793.42155,
    "Обмен валют": 0.0,
    "Кредит наличными": 0.0,
    "Депозит Мультивалютный": 1119.43625,
    "Депозит Сберегательный": 1273.84125,
    "Депозит Накопительный": 1196.63875,
    "Инвестиции": 772.025,
    "Золотые слитки": 386.0125
  }
}