{
  "client_code": 60,
  "benefits": {
    "Карта для путешествий": 16516.2736,
    "Премиальная карта": 45995.633599999994,
    "Кредитная карта": 49801.13505,
    "Обмен валют": 0.0,
    "Кредит наличными": 0.0,
    "Депозит Мультивалютный": 589.4129166666667,
    "Депозит Сберегательный": 670.71125,
    "Депозит Накопительный": 630.0620833333334,
    "Инвестиции": 406.4916666666667,
    "Золотые слитки": 203.24583333333334
  }
}