{
  "client_code": 14,
  "benefits": {
    "Карта для путешествий": 13762.4388,
    "Премиальная карта": 42154.548,
    "Кредитная карта": 43907.1408,
    "Обмен валют": 0.0,
    "Кредит наличными": 0.0,
    "Депозит Мультивалютный": 693.4020833333333,
    "Депозит Сберегательный": 789.04375,
    "Депозит Накопительный": 741.2229166666666,
    "Инвестиции": 478.2083333333333,
    "Золотые слитки": 239.10416666666666
  }
}