{
  "client_code": 3,
  "benefits": {
    "Карта для путешествий": 12270.030400000001,
    "Премиальная карта": 32745.306,
    "Кредитная карта": 35805.72795,
    "Обмен валют": 191.014285,
    "Кредит наличными": 0.0,
    "Депозит Мультивалютный": 762.6516666666666,
    "Депозит Сберегательный": 867.845,
    "Депозит Накопительный": 815.2483333333333,
    "Инвестиции": 525.9666666666667,
    "Золотые слитки": 262.98333333333335
  }
}