{
  "client_code": 57,
  "benefits": {
    "Карта для путешествий": 17627.146399999998,
    "Премиальная карта": 90229.9347,
    "Кредитная карта": 68692.1673,
    "Обмен валют": 0.0,
    "Кредит наличными": 0.0,
    "Депозит Мультивалютный": 33322.25666666667,
    "Депозит Сберегательный": 37918.43,
    "Депозит Накопительный": 35620.34333333333,
    "Инвестиции": 22980.866666666665,
    "Золотые слитки": 11490.433333333332
  }
}