{
  "client_code": 38,
  "benefits": {
    "Карта для путешествий": 20644.3352,
    "Премиальная карта": 89578.0287,
    "Кредитная карта": 68104.7694,
    "Обмен валют": 0.0,
    "Кредит наличными": 0.0,
    "Депозит Мультивалютный": 70308.98958333333,
    "Депозит Сберегательный": 80006.78125,
    "Депозит Накопительный": 75157.88541666667,
    "Инвестиции": 48488.958333333336,
    "Золотые слитки": 24244.479166666668
  }
}