{
  "client_code": 4,
  "benefits": {
    "Карта для путешествий": 30761.783600000002,
    "Премиальная карта": 50819.8684,
    "Кредитная карта": 46961.80275,
    "Обмен валют": 0.0,
    "Кредит наличными": 0.0,
    "Депозит Мультивалютный": 1007.1579166666667,
    "Депозит Сберегательный": 1146.07625,
    "Депозит Накопительный": 1076.6170833333333,
    "Инвестиции": 694.5916666666667,
    "Золотые слитки": 347.29583333333335
  }
}