{
  "client_code": 20,
  "benefits": {
    "Карта для путешествий": 14662.788799999998,
    "Премиальная карта": 44261.7198,
    "Кредитная карта": 48857.7129,
    "Обмен валют": 0.0,
    "Кредит наличными": 0.0,
    "Депозит Мультивалютный": 1709.9729166666666,
    "Депозит Сберегательный": 1945.83125,
    "Депозит Накопительный": 1827.9020833333334,
    "Инвестиции": 1179.2916666666667,
    "Золотые слитки": 589.6458333333334
  }
}