{
  "client_code": 21,
  "benefits": {
    "Карта для путешествий": 13671.448400000001,
    "Премиальная карта": 66511.0632,
    "Кредитная карта": 48831.07005,
    "Обмен валют": 0.0,
    "Кредит наличными": 0.0,
    "Депозит Мультивалютный": 21727.875416666666,
    "Депозит Сберегательный": 24724.82375,
    "Депозит Накопительный": 23226.349583333333,
    "Инвестиции": 14984.741666666667,
    "Золотые слитки": 7492.370833333333
  }
}