{
  "client_code": 16,
  "benefits": {
    "Карта для путешествий": 14392.663199999999,
    "Премиальная карта": 33934.271,
    "Кредитная карта": 33709.9698,
    "Обмен валют": 0.0,
    "Кредит наличными": 0.0,
    "Депозит Мультивалютный": 563.4458333333333,
    "Депозит Сберегательный": 641.1625,
    "Депозит Накопительный": 602.3041666666667,
    "Инвестиции": 388.5833333333333,
    "Золотые слитки": 194.29166666666666
  }
}