{
  "client_code": 9,
  "benefits": {
    "Карта для путешествий": 15431.038800000002,
    "Премиальная карта": 84716.667,
    "Кредитная карта": 47049.556500000006,
    "Обмен валют": 0.0,
    "Кредит наличными": 0.0,
    "Депозит Мультивалютный": 37267.174999999996,
    "Депозит Сберегательный": 42407.475,
    "Депозит Накопительный": 39837.325,
    "Инвестиции": 25701.5,
    "Золотые слитки": 12850.75
  }
}