{
  "client_code": 32,
  "benefits": {
    "Карта для путешествий": 16515.4616,
    "Премиальная карта": 91750.13909999999,
    "Кредитная карта": 70371.8199,
    "Обмен валют": 0.0,
    "Кредит наличными": 0.0,
    "Депозит Мультивалютный": 27999.016666666666,
    "Депозит Сберегательный": 31860.95,
    "Депозит Накопительный": 29929.983333333334,
    "Инвестиции": 19309.666666666668,
    "Золотые слитки": 9654.833333333334
  }
}