{
  "client_code": 34,
  "benefits": {
    "Карта для путешествий": 0.0,
    "Премиальная карта": 0.0,
    "Кредитная карта": 0.0,
    "Обмен валют": 0.0,
    "Кредит наличными": 0.0,
    "Депозит Мультивалютный": 1400.8208333333332,
    "Депозит Сберегательный": 1594.0375,
    "Депозит Накопительный": 1497.4291666666666,
    "Инвестиции": 966.0833333333334,
    "Золотые слитки": 483.0416666666667
  }
}