{
  "client_code": 7,
  "benefits": {
    "Карта для путешествий": 17226.004,
    "Премиальная карта": 81054.65670000002,
    "Кредитная карта": 47853.90045000001,
    "Обмен валют": 0.0,
    "Кредит наличными": 0.0,
    "Депозит Мультивалютный": 48828.713749999995,
    "Депозит Сберегательный": 55563.70875,
    "Депозит Накопительный": 52196.21125,
    "Инвестиции": 33674.975,
    "Золотые слитки": 16837.4875
  }
}