{
  "client_code": 8,
  "benefits": {
    "Карта для путешествий": 18678.4252,
    "Премиальная карта": 96453.77519999999,
    "Кредитная карта": 51797.80875,
    "Обмен валют": 0.0,
    "Кредит наличными": 0.0,
    "Депозит Мультивалютный": 12789.03625,
    "Депозит Сберегательный": 14553.04125,
    "Депозит Накопительный": 13671.03875,
    "Инвестиции": 8820.025,
    "Золотые слитки": 4410.0125
  }
}