{
  "client_code": 37,
  "benefits": {
    "Карта для путешествий": 13186.2404,
    "Премиальная карта": 45816.962000000014,
    "Кредитная карта": 48349.24725000001,
    "Обмен валют": 0.0,
    "Кредит наличными": 0.0,
    "Депозит Мультивалютный": 10879.362083333333,
    "Депозит Сберегательный": 12379.96375,
    "Депозит Накопительный": 11629.662916666666,
    "Инвестиции": 7503.008333333333,
    "Золотые слитки": 3751.5041666666666
  }
}