{
  "client_code": 12,
  "benefits": {
    "Карта для путешествий": 20733.858799999998,
    "Премиальная карта": 52919.091799999995,
    "Кредитная карта": 46691.4294,
    "Обмен валют": 0.0,
    "Кредит наличными": 0.0,
    "Депозит Мультивалютный": 10259.305833333334,
    "Депозит Сберегательный": 11674.3825,
    "Депозит Накопительный": 10966.844166666666,
    "Инвестиции": 7075.383333333333,
    "Золотые слитки": 3537.6916666666666
  }
}