{
  "client_code": 59,
  "benefits": {
    "Карта для путешествий": 19086.158,
    "Премиальная карта": 92757.2118,
    "Кредитная карта": 66568.9458,
    "Обмен валют": 0.0,
    "Кредит наличными": 0.0,
    "Депозит Мультивалютный": 53498.48708333333,
    "Депозит Сберегательный": 60877.58875,
    "Депозит Накопительный": 57188.03791666667,
    "Инвестиции": 36895.50833333333,
    "Золотые слитки": 18447.754166666666
  }
}