{
  "client_code": 15,
  "benefits": {
    "Карта для путешествий": 13138.4904,
    "Премиальная карта": 43700.74859999999,
    "Кредитная карта": 45730.5348,
    "Обмен валют": 0.0,
    "Кредит наличными": 0.0,
    "Депозит Мультивалютный": 1942.7341666666666,
    "Депозит Сберегательный": 2210.6975,
    "Депозит Накопительный": 2076.715833333333,
    "Инвестиции": 1339.8166666666666,
    "Золотые слитки": 669.9083333333333
  }
}