{
  "client_code": 56,
  "benefits": {
    "Карта для путешествий": 29747.5784,
    "Премиальная карта": 54773.343,
    "Кредитная карта": 50962.771199999996,
    "Обмен валют": 0.0,
    "Кредит наличными": 0.0,
    "Депозит Мультивалютный": 732.5158333333333,
    "Депозит Сберегательный": 833.5525,
    "Депозит Накопительный": 783.0341666666667,
    "Инвестиции": 505.18333333333334,
    "Золотые слитки": 252.59166666666667
  }
}