{
  "client_code": 35,
  "benefits": {
    "Карта для путешествий": 18340.8676,
    "Премиальная карта": 89420.12130000001,
    "Кредитная карта": 68408.1621,
    "Обмен валют": 0.0,
    "Кредит наличными": 0.0,
    "Депозит Мультивалютный": 17506.297083333335,
    "Депозит Сберегательный": 19920.95875,
    "Депозит Накопительный": 18713.627916666668,
    "Инвестиции": 12073.308333333332,
    "Золотые слитки": 6036.654166666666
  }
}