{
  "client_code": 33,
  "benefits": {
    "Карта для путешествий": 16879.390400000004,
    "Премиальная карта": 49575.91279999999,
    "Кредитная карта": 51895.3326,
    "Обмен валют": 0.0,
    "Кредит наличными": 0.0,
    "Депозит Мультивалютный": 9959.639166666666,
    "Депозит Сберегательный": 11333.3825,
    "Депозит Накопительный": 10646.510833333334,
    "Инвестиции": 6868.716666666666,
    "Золотые слитки": 3434.358333333333
  }
}