{
  "client_code": 29,
  "benefits": {
    "Карта для путешествий": 29919.5872,
    "Премиальная карта": 53582.066600000006,
    "Кредитная карта": 49100.70509999999,
    "Обмен валют": 0.0,
    "Кредит наличными": 0.0,
    "Депозит Мультивалютный": 1069.2179166666667,
    "Депозит Сберегательный": 1216.69625,
    "Депозит Накопительный": 1142.9570833333332,
    "Инвестиции": 737.3916666666667,
    "Золотые слитки": 368.6958333333333
  }
}