{
  "client_code": 10,
  "benefits": {
    "Карта для путешествий": 17214.188400000003,
    "Премиальная карта": 87586.0422,
    "Кредитная карта": 49054.9761,
    "Обмен валют": 0.0,
    "Кредит наличными": 0.0,
    "Депозит Мультивалютный": 15434.34375,
    "Депозит Сберегательный": 17563.21875,
    "Депозит Накопительный": 16498.78125,
    "Инвестиции": 10644.375,
    "Золотые слитки": 5322.1875
  }
}