{
  "client_code": 44,
  "benefits": {
    "Карта для путешествий": 13116.3052,
    "Премиальная карта": 44554.686400000006,
    "Кредитная карта": 47171.43135,
    "Обмен валют": 0.0,
    "Кредит наличными": 0.0,
    "Депозит Мультивалютный": 1085.6391666666666,
    "Депозит Сберегательный": 1235.3825,
    "Депозит Накопительный": 1160.5108333333333,
    "Инвестиции": 748.7166666666667,
    "Золотые слитки": 374.35833333333335
  }
}