{
  "client_code": 36,
  "benefits": {
    "Карта для путешествий": 15461.0116,
    "Премиальная карта": 44056.507000000005,
    "Кредитная карта": 46524.53295,
    "Обмен валют": 0.0,
    "Кредит наличными": 0.0,
    "Депозит Мультивалютный": 8606.680416666666,
    "Депозит Сберегательный": 9793.80875,
    "Депозит Накопительный": 9200.244583333333,
    "Инвестиции": 5935.641666666666,
    "Золотые слитки": 2967.820833333333
  }
}