{
  "client_code": 46,
  "benefits": {
    "Карта для путешествий": 13209.304399999999,
    "Премиальная карта": 46110.5484,
    "Кредитная карта": 48764.50455,
    "Обмен валют": 0.0,
    "Кредит наличными": 0.0,
    "Депозит Мультивалютный": 1039.4566666666667,
    "Депозит Сберегательный": 1182.83,
    "Депозит Накопительный": 1111.1433333333334,
    "Инвестиции": 716.8666666666667,
    "Золотые слитки": 358.43333333333334
  }
}