{
  "client_code": 28,
  "benefits": {
    "Карта для путешествий": 28332.5804,
    "Премиальная карта": 50029.813,
    "Кредитная карта": 47594.0364,
    "Обмен валют": 0.0,
    "Кредит наличными": 0.0,
    "Депозит Мультивалютный": 1815.8954166666667,
    "Депозит Сберегательный": 2066.36375,
    "Депозит Накопительный": 1941.1295833333334,
    "Инвестиции": 1252.3416666666667,
    "Золотые слитки": 626.1708333333333
  }
}