{
  "client_code": 41,
  "benefits": {
    "Карта для путешествий": 14397.955600000001,
    "Премиальная карта": 72221.094,
    "Кредитная карта": 52234.52865000001,
    "Обмен валют": 0.0,
    "Кредит наличными": 0.0,
    "Депозит Мультивалютный": 14068.782083333334,
    "Депозит Сберегательный": 16009.303750000001,
    "Депозит Накопительный": 15039.042916666667,
    "Инвестиции": 9702.608333333334,
    "Золотые слитки": 4851.304166666667
  }
}