{
  "client_code": 23,
  "benefits": {
    "Карта для путешествий": 17783.8172,
    "Премиальная карта": 46369.044,
    "Кредитная карта": 49869.62745,
    "Обмен валют": 0.0,
    "Кредит наличными": 0.0,
    "Депозит Мультивалютный": 1768.8670833333333,
    "Депозит Сберегательный": 2012.84875,
    "Депозит Накопительный": 1890.8579166666666,
    "Инвестиции": 1219.9083333333333,
    "Золотые слитки": 609.9541666666667
  }
}