{
  "client_code": 13,
  "benefits": {
    "Карта для путешествий": 13604.875200000002,
    "Премиальная карта": 35403.6828,
    "Кредитная карта": 35633.073300000004,
    "Обмен валют": 0.0,
    "Кредит наличными": 0.0,
    "Депозит Мультивалютный": 653.3941666666667,
    "Депозит Сберегательный": 743.5175,
    "Депозит Накопительный": 698.4558333333333,
    "Инвестиции": 450.6166666666667,
    "Золотые слитки": 225.30833333333334
  }
}