{
  "client_code": 49,
  "benefits": {
    "Карта для путешествий": 26885.0412,
    "Премиальная карта": 81670.0905,
    "Кредитная карта": 52261.073099999994,
    "Обмен валют": 0.0,
    "Кредит наличными": 0.0,
    "Депозит Мультивалютный": 17046.67125,
    "Депозит Сберегательный": 19397.93625,
    "Депозит Накопительный": 18222.30375,
    "Инвестиции": 11756.325,
    "Золотые слитки": 5878.1625
  }
}