{
  "client_code": 2,
  "benefits": {
    "Карта для путешествий": 24653.228800000004,
    "Премиальная карта": 78698.16960000001,
    "Кредитная карта": 50380.46100000001,
    "Обмен валют": 0.0,
    "Кредит наличными": 0.0,
    "Депозит Мультивалютный": 19056.298749999998,
    "Депозит Сберегательный": 21684.75375,
    "Депозит Накопительный": 20370.52625,
    "Инвестиции": 13142.275,
    "Золотые слитки": 6571.1375
  }
}