{
  "client_code": 40,
  "benefits": {
    "Карта для путешествий": 15093.202800000001,
    "Премиальная карта": 49211.9822,
    "Кредитная карта": 51569.8005,
    "Обмен валют": 0.0,
    "Кредит наличными": 0.0,
    "Депозит Мультивалютный": 1040.2783333333334,
    "Депозит Сберегательный": 1183.765,
    "Депозит Накопительный": 1112.0216666666668,
    "Инвестиции": 717.4333333333333,
    "Золотые слитки": 358.71666666666664
  }
}