{
  "client_code": 17,
  "benefits": {
    "Карта для путешествий": 13873.648400000002,
    "Премиальная карта": 42230.166,
    "Кредитная карта": 45377.12054999999,
    "Обмен валют": 0.0,
    "Кредит наличными": 0.0,
    "Депозит Мультивалютный": 1076.9391666666666,
    "Депозит Сберегательный": 1225.4825,
    "Депозит Накопительный": 1151.2108333333333,
    "Инвестиции": 742.7166666666667,
    "Золотые слитки": 371.35833333333335
  }
}