{
  "client_code": 25,
  "benefits": {
    "Карта для путешествий": 19468.2452,
    "Премиальная карта": 44802.22779999999,
    "Кредитная карта": 46524.268800000005,
    "Обмен валют": 0.0,
    "Кредит наличными": 0.0,
    "Депозит Мультивалютный": 672.2441666666666,
    "Депозит Сберегательный": 764.9675,
    "Депозит Накопительный": 718.6058333333333,
    "Инвестиции": 463.6166666666667,
    "Золотые слитки": 231.80833333333334
  }
}