{
  "client_code": 31,
  "benefits": {
    "Карта для путешествий": 21675.731200000002,
    "Премиальная карта": 70296.26670000001,
    "Кредитная карта": 50212.94835,
    "Обмен валют": 0.0,
    "Кредит наличными": 0.0,
    "Депозит Мультивалютный": 15754.83,
    "Депозит Сберегательный": 17927.91,
    "Депозит Накопительный": 16841.37,
    "Инвестиции": 10865.4,
    "Золотые слитки": 5432.7
  }
}