{
  "client_code": 18,
  "benefits": {
    "Карта для путешествий": 15088.6008,
    "Премиальная карта": 46911.5,
    "Кредитная карта": 46036.957500000004,
    "Обмен валют": 0.0,
    "Кредит наличными": 0.0,
    "Депозит Мультивалютный": 1185.2420833333333,
    "Депозит Сберегательный": 1348.72375,
    "Депозит Накопительный": 1266.9829166666666,
    "Инвестиции": 817.4083333333333,
    "Золотые слитки": 408.70416666666665
  }
}