{
  "client_code": 48,
  "benefits": {
    "Карта для путешествий": 17012.6072,
    "Премиальная карта": 44529.29060000001,
    "Кредитная карта": 47347.89465,
    "Обмен валют": 0.0,
    "Кредит наличными": 0.0,
    "Депозит Мультивалютный": 993.4191666666667,
    "Депозит Сберегательный": 1130.4425,
    "Депозит Накопительный": 1061.9308333333333,
    "Инвестиции": 685.1166666666667,
    "Золотые слитки": 342.55833333333334
  }
}