{
  "client_code": 47,
  "benefits": {
    "Карта для путешествий": 24083.1684,
    "Премиальная карта": 49925.653,
    "Кредитная карта": 47350.59645,
    "Обмен валют": 0.0,
    "Кредит наличными": 0.0,
    "Депозит Мультивалютный": 961.7366666666667,
    "Депозит Сберегательный": 1094.39,
    "Депозит Накопительный": 1028.0633333333333,
    "Инвестиции": 663.2666666666667,
    "Золотые слитки": 331.6333333333333
  }
}