{
  "client_code": 19,
  "benefits": {
    "Карта для путешествий": 16396.8944,
    "Премиальная карта": 45568.1658,
    "Кредитная карта": 49299.18855,
    "Обмен валют": 0.0,
    "Кредит наличными": 0.0,
    "Депозит Мультивалютный": 968.4791666666666,
    "Депозит Сберегательный": 1102.0625,
    "Депозит Накопительный": 1035.2708333333333,
    "Инвестиции": 667.9166666666666,
    "Золотые слитки": 333.9583333333333
  }
}