{
  "client_code": 11,
  "benefits": {
    "Карта для путешествий": 16484.7432,
    "Премиальная карта": 89403.83069999999,
    "Кредитная карта": 48153.40635,
    "Обмен валют": 0.0,
    "Кредит наличными": 0.0,
    "Депозит Мультивалютный": 39036.07833333333,
    "Депозит Сберегательный": 44420.365,
    "Депозит Накопительный": 41728.221666666665,
    "Инвестиции": 26921.433333333334,
    "Золотые слитки": 13460.716666666667
  }
}