{
  "client_code": 39,
  "benefits": {
    "Карта для путешествий": 10848.5632,
    "Премиальная карта": 66617.397,
    "Кредитная карта": 49824.8805,
    "Обмен валют": 0.0,
    "Кредит наличными": 0.0,
    "Депозит Мультивалютный": 15082.887916666667,
    "Депозит Сберегательный": 17163.28625,
    "Депозит Накопительный": 16123.087083333334,
    "Инвестиции": 10401.991666666667,
    "Золотые слитки": 5200.995833333333
  }
}