{
  "client_code": 50,
  "benefits": {
    "Карта для путешествий": 20478.400400000002,
    "Премиальная карта": 90637.1499,
    "Кредитная карта": 67961.2512,
    "Обмен валют": 0.0,
    "Кредит наличными": 0.0,
    "Депозит Мультивалютный": 43182.17208333333,
    "Депозит Сберегательный": 49138.33375,
    "Депозит Накопительный": 46160.252916666665,
    "Инвестиции": 29780.808333333334,
    "Золотые слитки": 14890.404166666667
  }
}